'wireless terminal module',
 'foamed tray treadmill with a rear tip',
 'smart track sampling for analog to digital converter',
 'raster with channel processing',
 'storage device with reduced network expression',
 'variable muffler mode and sound',
 'light source device and power supply system',
 'translating conference data in logical databases',
 'tiled display machine',
 'virtual duplex generator',
 'location based input triggering',
 'sequence apparatus for a shower head',
 'associative initialization for network contexts',
 'correlation of experience in architectural frames',
 'housing for a mobile phone communication system',
 'flow fixation system',
 'microphone with link split',
 'user amounts for resistive flash memory data',
 'network accessing network terminals',
 'program advertisement and user interface',
 'uniform gain trough for a rack',
 'circuit for an stimulation circuit',
 'assembly for programmable persistent memory',
 'small block programming for flash memory',
 'clock loop circuit with bonus points',
 'encapsulation of lost material from a single substrate',
 'device for gripper with a removable shield',
 'flexible battery cell with cooling system',
 'service configuration for a bus configuration',
 'mattress battery system and electronic system',
 'selective smart transition detection in a memory device',
 'dynamic trusted approximating data',
 'balance component with system for reducing light loss and detecting reduced spinal stimulation',
 'housing for a cavity with a patterned media',
 'fast target forwarding using content',
 'integrated circuit package scheme for a disc drive',
 'charge pump and door with the same',
 'integrated circuit package package with heel',
 'touch screen panel for surgical sensor',
 'a power supply mounting circuit',
 'multiple follow successive differential profiling',
 'managing data differences across multiple platforms',
 'presenting text to signals',
 'dynamic support for phone',
 'secondary battery and battery enclosure including the same',
 'acids',
 'session selection for controlling reading',
 'directing data in an area',
 'shield for a firearm',
 'reducing error in a cache storage device',
 'corpus of artificial chirped',
 'rate estimation of a memory device',
 'apparatus for testing rfid',
 'program detection and operation',
 'automated user interaction for a query',
 'optical transceiver with reinforced fin insert',
 'footwear comprising a handle',
 'miniature display display storage apparatus',
 'code processing using multiple data stores',
 'setting design for a messaging application',
 'fast mapping of data in a data cache',
 'vibration strike system for wheel motor',
 'network sram power supply',
 'memory device having improved resolution',
 'video capture apparatus for instance model',
 'optimizing control of spatial and wireless processing',
 'wafer patterning for processing data',
 'circuit for performance measurement',
 'network use in communication networks',
 'timing control using single header',
 'reducing tilted surface in a handheld electronic device',
 'resistant formation of stereoscopic data',
 'imaging module with variable inflation',
 'electric vehicle with airflow adjustment',
 'distributed video communication in wireless networks',
 'lower end air sink',
 'database searching of distributed data',
 'automatic feedback for user requirements messages',
 'active waveguide for a cable routing system',
 'network service management data',
 'low profile secure platform',
 'light device having an electrical component',
 'fitting of bus for a vehicle',
 'presenting web media',
 'managing search results by dimensional search',
 'circuit for forming multiple elements on a disk',
 'torque converter with reduced inertia velocity',
 'incremental transactional read timer',
 'surgical instrument having a electroluminescence device',
 'releasable joint with radial induction valve',
 'wagering game with multiple characters',
 'availability and security for network applications',
 'distributed measurement of a load of time for a communication system',
 'communication system for a vehicle',
 'chip holder for semiconductor applications',
 'attaching device to a motor vehicle',
 'detecting and tagging user actions on a user',
 'gaming machine with signaturing gesture bonus',
 'efficient synchronized user interface',
 'input device and image processing device for testing',
 'portable electronic device',
 'functional patterns for combination substrate',
 'overflow monitoring in a database',
 'enhancing processing of neural network',
 'beverage container',
 'logical magnetoresistive quantization',
 'phase change memory with a control paste',
 'low output voltage regulator',
 'display including a digit line sensor',
 'merging data in a shared storage network',
 'extended electrochemical cell having reduced contamination',
 'cartridge and chair assembly',
 'electronic device with an integrated lighting device',
 'scheduling procedure for parameterized',
 'application command coupling with saturation control',
 'delay circuit for touch sensing screen',
 'parallel data balancing for clustered applications',
 'cavity phaser with multiple core',
 'dispensing equipment',
 'capacitive clock generator',
 'estimating and considering costs to an object',
 'probe unit for delayed displays of multiple touch sensors',
 'single path data processing',
 'elevator for a shared resource',
 'dynamic virtual machine',
 'single frequency bulk treadmill and seat',
 'mems and metal container',
 'oxides of fibers',
 'device for generating fiber converter',
 'hybrid bulk fiber fiber optic cable',
 'wireless sleep in a wireless database',
 'managing iptv content through a data stream',
 'magnetic current printed circuit board assembly',
 'automated contextual search',
 'system for testing semiconductor device',
 'low gain cell distribution circuit',
 'threat characteristics for wireless communication',
 'network and network service visualization with integrated interface',
 'storage device and computer housing',
 'compact electrochemical cell with improved light',
 'percussion instrument and a cover assembly for a disc drive',
 'techniques for controlling network background',
 'tab for a container',
 'extended workload history',
 'digital statically scanner',
 'screw seal system for a vehicle',
 'deadbolt firearm',
 'thermally coating on substrates and structures',
 'process for making a light source of light',
 'blanks for a time table for computer systems',
 'automated luminaire mounting system',
 'dynamic level of completion for hard drives',
 'selective telecommunications system',
 'capturing hot when on surface',
 'movable display device',
 'imager and sensor with optical projection',
 'managing virtual machines and systems',
 'process for the production of memory',
 'new buffer interface',
 'concurrent functionality of a shared databases',
 'code shifter for a computing system',
 'storage device for a mobile programmable device',
 'asynchronous processing with multiple integrated processor',
 'high addressable memory array',
 'charge exchange apparatus and information processing system',
 'drive system for a computer system',
 'cross ring variable signal receiver',
 'process recommendations for selecting a description service',
 'remoting image integrity in media',
 'content management in an interactive online game',
 'low power configuration',
 'generating a cache',
 'clock generator for digital modules',
 'auxiliary antenna for wagering game systems',
 'ofdm controller',
 'compound active authenticated peripheral',
 'n cell line voltage control',
 'waveguide structure for tissue fixation',
 'process for cleaning gasket inside a package',
 'schema identification for ad hoc networks',
 'music connector and hosting system',
 'local address management',
 'optical screen with light guide',
 'display and display panel',
 'gaming machine with special symbol',
 'dual echo resonator with improved valve surface',
 'transaction record processing using reduced retrieval',
 'system for testing a computerized file system',
 'high density memory with high density persistent data',
 'network traffic monitoring',
 'distributed experience access',
 'photonic antenna',
 'integrated circuit package system with flexible disk drive',
 'data retrieval for telecommunication structured web site',
 'automatic offset cancellation for multiple applications',
 'memory controller screen for spool',
 'feedback in stacked chips for disk drives',
 'generating an optical phrase',
 'rapidly redundant web page for web applications',
 'data recovery in a data storage system',
 'motion sensitive imaging and display apparatus',
 'spacers and cashing for conveyor belt',
 'virtual voice controller',
 'digital signal amplifier',
 'aircraft passenger seat seat',
 'discovering large connections between applications',
 'automatic lighting for lighting devices',
 'power distribution arrangement for a telecommunication system',
 'data recovery using data determination',
 'power generator for power supply',
 'period notifications based on location and pattern',
 'mapping requirements for a network device',
 'application techniques for search',
 'transaction aggregator',
 'magnetic field grating with fluorine deposition',
 'generating a raid line using parity locked loop',
 'integrated circuit package system with thermally enhanced package',
 'advanced delay start on lead terminal',
 'data processing in a network',
 'data content coverings',
 'data stream recovery in a network system',
 'memristive handheld having a high end gate',
 'power supply apparatus for a bed',
 'remote management of media and data',
 'high speed metal filter for high speed silicon',
 'integrating data from different parts of the network',
 'vehicle body with Unlicensed touch sensor',
 'backup apparel',
 'digital media advertisement edit',
 'telecommunications data retrieval system',
 'decoupled predictive gain control for data storage',
 'direct connectivity based requests of access points',
 'secure internal policy management',
 'integrated circuits with moving data',
 'chassis assembly for vehicle',
 'content managing apparatus',
 'scalable data channel detection',
 'piston with improved air gap',
 'power control for a lte processor',
 'device for testing a laser with a single charge',
 'electrical connector with hand held tools',
 'flexible ball bearing indicator',
 'stabilized liquid crystal display device',
 'nonvolatile memory device',
 'automated search techniques',
 'semiconductor device with memory and power consumption',
 'memory operation testing',
 'circuit for generating a park effect',
 'transmission device with barriers for contact',
 'portable electronic device including a display system',
 'traffic allocation for gaming machines',
 'controlled raid client control',
 'nanowire material having emitter multiplexer',
 'integrated circuit package system having integrated device',
 'small chip output power amplifier',
 'sliding rail arrangement for hot rack air inlet cooling system',
 'reduce lane release during process',
 'power supply circuit in a grid array processor',
 'self protection sensor with reduced power consumption',
 'circuit for detecting a shipping proximity',
 'fasteners for use with portable medical devices',
 'integrated circuit',
 'virtual machine rfid management',
 'parallel memory with phase shifting',
 'counter for the data transfer point',
 'media coverage based on account state',
 'relationship between entities',
 'mobile social network',
 'phase change memory array',
 'apparatus for detecting damage in a modular reduction module',
 'probe ring for electrical elements',
 'leadframe polycarbonate layer composition',
 'blocking access to networks using a network',
 'logical lock for an terminal',
 'phase sampling circuit',
 'semiconductor device with asymmetric derivatives',
 'display display with multiple commands',
 'optical fibre channel with environmental photography',
 'top wheel bearing having a plane of plate',
 'fast design with reduced erase rate',
 'common architecture for an electronic system',
 'dynamic fault detection in fabric',
 'bed verification device',
 'telecommunication module',
 'vertical mos resistance structure',
 'dynamic remoting of data web browser',
 'mobile device delivery system',
 'optical communication',
 'follow a folded chart table',
 'storage system for a computer system',
 'capacitance regulator',
 'automated migration of content items to a mobile device',
 'touch sensitive screens',
 'identifier using address constraint',
 'independent content collection',
 'power margin estimation in a network',
 'wireless interface with dual spring sensor',
 'content based management of screens based on player information',
 'reusable cockpit',
 'tissue clearing apparatus',
 'detecting and placing secret on a composite element',
 'remote enterprise access management',
 'network access control response',
 'application support for web search',
 'aggregate integrity determination',
 'multiple optic transceiver for a mobile device',
 'fuel cell component for spin valve torque converter',
 'absorbing plasma from liquid locks',
 'antenna system for optical communications',
 'gaming machine with enhanced dynamic bonus feature',
 'logic proximity detection',
 'ip notifications',
 'object redirection',
 'hinge device for unit assembly',
 'electronic device including light probe',
 'varactor testing device',
 'steel plate for an internal combustion engine',
 'retractable nut for a shipping tip',
 'integrated circuit package system with integrated circuit',
 'mapped host content delivery system',
 'compiler and application replication',
 'secure authentication in a mobile communications network',
 'managing feature locations in a data center',
 'configured space management in body data systems',
 'optimal location of a timing algorithm',
 'stacked semiconductor device with integrated electrical base',
 'sponsored content distribution',
 'dynamic health of a environment',
 'tray plate for an galley',
 'resource allocation for mobile device packets',
 'gaming machine having shared bonus game',
 'audio receiver',
 'light source lighting device',
 'blade system for a brake oil control system',
 'switch for controlling an internal combustion engine',
 'linearity component of a communications device',
 'low power cable receiver',
 'velocity difference for digital shelf',
 'stacked array for building integrated circuit',
 'position monitoring apparatus',
 'bulk white light emitting display device',
 'remote reality interface',
 'fluid conditioning for a tank',
 'index analysis in electronic data',
 'digital transceiver with power optimization',
 'enabling condensation of grain electrophoretic materials',
 'filament plug plate for a screw with a die',
 'solar cell with heat sink',
 'orthopedic brace case',
 'efficient trace level mapping',
 'electrophoretic display',
 'angled beam head assembly for a capsule assembly',
 'side shield with multiple bearing heads',
 'electricity generation device',
 'decoder for data management',
 'device for organizing a peripheral connection',
 'shielding and tracking a display device',
 'packaging member and hood plate for electric vehicles',
 'dynamic cache power management in a network device',
 'integrated labeling circuit',
 'wall mounted electronic device',
 'dental stitching apparatus',
 'dynamic power storage system',
 'mobile device for charging a vehicle',
 'adjusting to data clock control in a wireless network',
 'loading and unloading vehicle',
 'data stream recorder',
 'engine sent to support multiple fuel cells',
 'phase locked loop with phase change bit line',
 'layout for custom database protocols',
 'stress relief for hard disk lazy firmware',
 'actuator error detection and correction for a transaction',
 'network switch with multiple desktop assemblies',
 'video reception system',
 'sterilizable wet wet flue gas packaging for making gimbal',
 'accessory components for integrated circuit',
 'reconfigurable device and water motor',
 'power signal generation circuit',
 'automated retrieval of software products',
 'golf club with exoskeleton',
 'blocking mechanism for a blade system',
 'insertion mechanism for a bone fixation device',
 'single disc plate system',
 'key based touch control',
 'maintaining page blocks in a network',
 'integrated circuit package system with capacitive sensing',
 'static synchronous space repetition in an information processing system',
 'spread spectrum selection in a host network',
 'media content delivery system using handset',
 'solid state oxide cooling',
 'fine handling of virtual objects',
 'interlocking system',
 'storing media for navigation in a cloud environment',
 'wireless communication system',
 'electrically stabilized seeded oxide',
 'wagering game with enhanced bonus feature',
 'adjustable lens for motion sensor',
 'geographic location of user interface',
 'mixed reality media as a candidate',
 'dynamic airbag system for a vehicle',
 'pharmaceutical treatment of printed pages',
 'data storage device for consumer enterprise marketing',
 'integrated circuit package system with led',
 'differential mode clock current detection in a clock sensor',
 'magnetic clearing of apparatuses',
 'thermoplastic materials',
 'communication network door reinforcement unit',
 'server command management in service',
 'valve assembly for motor vehicle seat',
 'managing network traffic in a network',
 'memory device with reduced power consumption',
 'persistent virtual memory for computer cover',
 'touch sensitive display',
 'mems probe and system including a doped fin',
 'laser electromagnetic wave suppression',
 'media cells having a gettering layer',
 'organic transparent display system',
 'process for the production of elevated films',
 'agc apparatus and apparatus',
 'modified titanium nitride gate',
 'turbine arrangement for a suspension',
 'navigation of nox rods for air cycle conditioning system',
 'dynamic camera capacitance converter',
 'key flow failure management for a memory cell',
 'power amplifier with multiple power supply',
 'charge pump circuit for a power supply',
 'dynamic object responses in a tablet device',
 'networked to user interface for graphical user interface',
 'vertical drive of a double clutch',
 'low cost breakdown system',
 'video reader system',
 'optical appliance with vertical dielectric elements',
 'low efficiency server',
 'network access by network controller',
 'sense circuits and memory devices',
 'provision of security in multimedia networks',
 'power management system for an electronic module',
 'trunking for a network',
 'improved interconnect protection for high voltage gate',
 'compensated memory for computer system',
 'digital peak filter',
 'synthetic data for vehicles',
 'zoom memory device',
 'portable personal care device',
 'bearing hanger for an automotive vehicle',
 'electronic device having reduced noise reduction',
 'immersive information in multimedia broadcast',
 'optical disk and heart rate measurement device',
 'processor and communications systems as human task management',
 'dynamically engraving tool for mobile content',
 'multiple cart control module',
 'golf club head with a cushion and mold',
 'communication system with read mode read',
 'electronic device assembly',
 'power management system',
 'exponential memory cell with switch allocation',
 'security system and system for the use of a services',
 'orbital gripping',
 'reduction of checking time in a memory',
 'gesture synchronization in a mobile interface',
 'key enhancement based on display intent',
 'updating information reversible to instances',
 'torque converter with internal pressure control',
 'pointer display for a wireless network',
 'cell size for high temperature programmable circuits',
 'combining power with embedded passive buffer',
 'network power control',
 'image processing system with a narrow image sensor',
 'backups based on user intent',
 'social networking of app service applications',
 'verifying database security values',
 'loc coatings for produced semiconductor dice',
 'quarantine system for an solder ball',
 'metal pad for bone fixation device',
 'semiconductor device including a catalyst',
 'filter enclosure for absorbent articles',
 'function controlled envelope segmentation for digital video',
 'charge pump voltage reduction using variable bandwidth',
 'list sharing for polymeric substrates',
 'high position contact detection by usb',
 'wireless call center wireless transaction',
 'estimating back of a shaft an automatic computer',
 'zone assignment for network stations',
 'file system and data center',
 'waveform test circuit',
 'operational preamble for user interfaces',
 'vertically curved association with a cleaning bag',
 'macroblock transistor for bipolar tapered memory',
 'control device for fuel cells',
 'memory array memory',
 'luminaire with high voltage conductor',
 'range marker activated from a display',
 'data code detection in a plurality of network networks',
 'integrated circuit with memory having a column with a gate',
 'wireless communication lines and apparatus',
 'audible voice select',
 'memory device with integrated element',
 'analytics for streaming online online content',
 'modular uniform structure having reduced number of wheels',
 'surface follower with dual mesh',
 'single stage source using a musical element',
 'audio video game object avatar',
 'bar code transfer and interface',
 'lift mechanism for a disc drive',
 'clock switching system for digital converter',
 'phase guard loop with integrated circuit',
 'ram assembly for extremely large accuracy',
 'network management for a soft disk drive',
 'carbon dioxide dispensing container',
 'optical component having power generation circuit',
 'searching operating system data',
 'vcsel light with embedded interface',
 'web page application generation',
 'memory device and memory device using same',
 'distributed search results in files',
 'bypass system',
 'gas pump and cleaning tool',
 'dynamic measurement of memory with random code',
 'augmented reality of dashboard',
 'message comparison for tagged entities',
 'process for forming a structure under tissue',
 'multicast remote communication system',
 'flexible rocker assembly for a vehicle',
 'custom software architecture',
 'application debugger database',
 'network access control',
 'hospital bed having shelter with customizations',
 'efficient thin film circuit for backlight mixers',
 'device for managing multipoint power in a network',
 'expandable chassis with flat panel assembly',
 'voice channel path sensing',
 'adaptive imaging spacer',
 'cage for high speed carrier',
 'image display instrument',
 'circuit for separating a microactuator in an rf communication system',
 'dynamic programming for computer system',
 'rotary drive for accelerated aerodynamic rolling bearing',
 'presenting wagering game data',
 'controlling access to memory data',
 'hygiene desulfurization for a dispensing apparatus',
 'rolling bearing with a single connection for coaxial cable',
 'integrated circuit test system with high voltage of charge',
 'dual duty cycle having a thermal control load',
 'hardened gate isolation for tungsten',
 'semiconductor device with improved image protection',
 'locating and operating system for a distributed session',
 'detergent compositions and process for making the same',
 'high speed semiconductor device',
 'pc multi blade on multiple phones',
 'automatic and plastic shelf for semiconductor memory',
 'stepped actuated motor',
 'actuation system for a device',
 'visible light and light emitting device',
 'magnetic disc drive',
 'determining auto colour for graphical user interface',
 'load adapting circuit',
 'universal mattress arrangement',
 'preventing gaps in progressive memory files',
 'identification of search results',
 'apparatus for testing a data storage device',
 'network agent control system',
 'externally selectable object incentives',
 'fault detection using a target and tracking system',
 'management of graphical user interface',
 'portable gaming machine with multiple players',
 'variable speed transmission',
 'cable for a memory device',
 'objective detector for multiple sources',
 'data processing',
 'memory learning in daemon',
 'predicate arrangement for a dispersed storage network',
 'phase die with floating gate',
 'maps and models of special objects',
 'corner box for attribute particle control',
 'cooling arrangement for battery module',
 'microphones for common routing',
 'bilingual document quantization',
 'electronic and device',
 'social networking interaction',
 'radio power supply',
 'phase change memory',
 'transceiver with static address breakdown path',
 'generalized video transmission',
 'segment upright',
 'plate with shallow trench isolation',
 'sampling apparatus for a data storage system',
 'image capturing and flight simulator',
 'putter with a sling and a cover',
 'circuit for prioritization of a client memory',
 'altering layers for web application',
 'clock generation for a memory array',
 'high power low power synchronous memory architecture',
 'golf club head with improved performance',
 'latch assembly for a door for a vehicle',
 'electrical accessories',
 'reference signal cancellation in a parallel transmitter',
 'power adapter and battery pack for the same',
 'shower head with integral battery and drive',
 'water balance valve for an electric motor',
 'lateral flame detection for semiconductor devices',
 'burn position imaging device',
 'cables with electrical and optical components',
 'electrical connector with contact center',
 'load and alert optimization for network equalization',
 'protection of absorption in a receiver',
 'communication rail with a keyboard',
 'determining a availability of a storage storage device',
 'virtual machine detecting provided with a network',
 'tunable pressure relief of a magnetic oxide bond structure',
 'composite removal of organic compounds',
 'optimal data stream for video processing',
 'electronic device including a compact bit line',
 'mask with reduced dimensions of strip',
 'capacitance detector',
 'steel structure for overvoltage protection',
 'integrated circuit package system with buried stability',
 'surface based spacer for parallel accelerator',
 'image display device having transparent icon',
 'resolving code conflicts over a data network',
 'low power portable electronic device',
 'luggage case enclosure',
 'secure user input for mobile devices',
 'integrated circuit having an active dynamic buffer',
 'phase change circuit',
 'ultra high density scanners',
 'arrangement for hydraulic valve',
 'touch screen panel for physical emotion',
 'automatic resource management for shiftable memory',
 'selective high speed transistor',
 'reconfigurable input device',
 'dynamic power control in a network',
 'documents and systems using the same',
 'adaptive thermal acceleration of insulation locations',
 'identifying location data in contextual databases',
 'multigate memory cell with random access operation',
 'sip via of communication wireless access',
 'damper for a motor vehicle',
 'lead frame for natural gate protection in films',
 'polymer composition and process for the production of electrolyte',
 'wide spin flow screw on an optical space',
 'dual clutch for high speed data storage system',
 'polycarbonate compositions having a hidden protective layer',
 'light emitting display device and image camera',
 'arrangement for an internal combustion engine',
 'unauthorized access in a library system',
 'scalable trace allocation on concurrent business data bus',
 'reporting code codes based on user behavior',
 'automatic receiver sampling',
 'data collection device of a mobile device',
 'waveguide with a safety structure for a seat',
 'controlling state storage using a data storage device',
 'location based ranking based on location',
 'high speed oral elastically treadmill',
 'satellite and artifact correction to center head',
 'rack with a removable anchor',
 'interface of users of a service',
 'visual gesture recognition',
 'interactive content management',
 'multiple control of exercise machine',
 'modular surfaces',
 'coordinating file levels with an expansion circuit',
 'dynamically managing multiple access points',
 'user interface for capturing wellbore elements',
 'windshield for a vehicle',
 'message delivery for service authorization',
 'buffer management for network couplers',
 'electrical supply assembly',
 'digital radio communication system',
 'adaptive louver for interactive editing',
 'cable with telecommunications bracket',
 'burst mode fet for phase locked loop',
 'imaging apparatus with mixed color and color',
 'mobile multimedia video stream',
 'power supply system having an integrated circuit',
 'automatic seat seat with invalidate mechanism',
 'of a description of the action of a',
 'magnetic field shifter with reduced delay rate',
 'beam and door calculations in a disc drive',
 'camshaft adjustable wheel head assembly',
 'dynamic engine control system',
 'electronic device with a seal',
 'techniques for control of suspension lift',
 'reduced stress strain relief after low power architectures',
 'single piece flow field for a electrostatic discharge',
 'high density optical fiber connector',
 'policy control for data storage network',
 'data generation using a single model',
 'data stream management',
 'summary reporting',
 'read and write for video game sessions',
 'static supply desktop with graphical user interface',
 'molded sponsored cable with hydraulic locking',
 'liner for food delivery system',
 'mount bearing with a programmable connector',
 'wearable device',
 'reveal of a bonus game',
 'passive circuit with enhanced feedback',
 'deployable partly transparent display',
 'using application update to manage warehouse systems',
 'piezoelectric amplifier with metal and transient',
 'adaptive image processing',
 'process for reducing the decomposition of a layer',
 'imaging apparatus and rotatable strap',
 'compositions to reduce stress',
 'network advertising',
 'patient support apparatus',
 'high temperature switching system',
 'offset fixation apparatus',
 'remote access to mobile device',
 'surgical encapsulated element',
 'electronic device with balanced reader and image',
 'device for holding a device in a spin sensor',
 'programmable signal selection',
 'endoscope for static data storage',
 'attenuator notifications',
 'active dimensional stability for external traces',
 'magnetic recording with magnetic recording head',
 'extended double band bonus game',
 'data quality management in a web application',
 'delayed ring sequence in improved serial systems',
 'plastic to resist implantation',
 'savings of nodes with reduced offset',
 'electrical components with reduced height',
 'optical interconnect with integrated content',
 'application context and experience',
 'video signal delivery systems',
 'heterogeneous output converter',
 'memory device system',
 'filmstrip ride types for electronic equipment',
 'memory circuit with a memory',
 'whiteboard system for scheduled service processes',
 'alkaline trench deposition',
 'illumination of a canvas',
 'controlling the duration of a transaction in an entity',
 'portfolio market discovery',
 'high performance oscillator system',
 'queries with constrained views',
 'camera with optical controls',
 'database status sharing for wireless networks',
 'tissue editing device',
 'organic substrate protection for message messaging',
 'power unit with power management',
 'air conditioning valve with door ignition mechanism',
 'single square phase change memory cell',
 'graft for fabricating a mattress',
 'public access control system',
 'bitline ptc active networks',
 'dual drive window for a transceiver',
 'digital sensing of augmented reality',
 'secondary battery for integrated circuits',
 'user interface for generating trust data',
 'data module for a mobile terminal',
 'magnetic machine with a variable gain circuit',
 'dispensing process for vessel holding apparatus',
 'asynchronous group identities',
 'threaded joint',
 'automatic phase detection in search',
 'sensing voltage nrom for a memory device',
 'high performance low power metal membrane',
 'polymer composition for containing a emi barrier',
 'semiconductor device including a package',
 'adaptive packet mapping using segmented data',
 'semiconductor device with reduced power consumption',
 'automatic rights management for user profiles',
 'semiconductor package package with heat sink',
 'combination camshaft and hydration apparatus',
 'centralized communication changes',
 'testing structures for semiconductor devices',
 'seam strike isolation for laundry delivery system',
 'software management for environmental protection',
 'user interface using an reply feature',
 'direct incremental routing of inter restricted cues',
 'vias from multiple sources',
 'pairing and translating data',
 'training metadata for robustness analysis',
 'gaming machine with improved dialog interface',
 'quantization and characterization of a conversation',
 'extracting code from a market',
 'memory block attenuator',
 'cell assembly for high voltage tunneling',
 'phase locked loop',
 'power reduction in rechargeable battery',